filename,drive_file_id
video1.mp4,1nhBMIG9ot9MUZ1QtwPmNMXRkKc61UvVx
video2.mp4,16VjRAKgFrd0DAVEGGPmAU8myiLLZX7jd
video3.mp4,1Hsf4v4x3Wa5c8NtzuZyElE4jflYFx9NL
video4.mp4,1qYgRLVRPmnWiavprEQP7aqIkdwhgoTQJ
video5.mp4,1Suwr3qhlnszuSLsPpJ5tk32GijN3Jw1w
video6.mp4,14AXSbya2Zh6y_ZE3TYoQGvdewBdoRJEN
video7.mp4,1ekcEbbD5HqdkSj8gTbnz7a0Bwii4D0AV
video8.mp4,1QRfgFC-fNfjhx-NbCqDSkYsWwxNptRM9
video9.mp4,1x_UXZ3QDN2C_fzgvdKOkfXPNeypWUmLj
video10.mp4,1K4zDM1lK-3QTbgg9X1hbn7WoORcV4Lb8
video11.mp4,12pwrZprvWTtvMRqRcWjNc4nFnVNSJf2L
video12.mp4,1cp8rFgwiYLzgyIbf7yj1ZFK3fLSngnAt
video13.mp4,1wzo-_qubLvPn7GxjXh_cj-zPGFuqDAIO
video14.mp4,1ppbuBLzfLHrTvi52GXMElE2Yjo8vQGBX
video15.mp4,1eGg9uWVElvoBxQWqPJ5E-8zEU4JzYIz8
video16.mp4,TODO_video16_file_id
video17.mp4,TODO_video17_file_id
video18.mp4,TODO_video18_file_id
video19.mp4,TODO_video19_file_id
video20.mp4,TODO_video20_file_id
video21.mp4,TODO_video21_file_id
video22.mp4,TODO_video22_file_id
video23.mp4,TODO_video23_file_id
video24.mp4,TODO_video24_file_id
video25.mp4,TODO_video25_file_id
video26.mp4,TODO_video26_file_id
video27.mp4,TODO_video27_file_id
video28.mp4,TODO_video28_file_id